Incident_ID,Date,Shift,Plant_Section,Batch_Number,Product_SKU,Parameter_Tested,Standard_Specification_Limit,Measured_Value,Deviation_Severity,Units_Affected_Packs_or_Kg,Initial_Action_Taken,Current_Status,QA_Inspector,Applicable_SOP
DEV-2026-001,2026-06-01,Morning,CIP Kitchen Skid 1,NZ-Mil-2026-101,Milk Powder Processing Circuit,CIP Final Rinse Conductivity (uS/cm),< 50 uS/cm,78.0,Critical Sanitation Failure,1200,Aborted line startup interlock; initiated mandatory 15-minute extended freshwater re-rinse cycle.,Material Rejected for Disposal,S. MacIntyre (Lead QA),SOP-SAN-302
DEV-2026-002,2026-06-02,Morning,Dryer 2 Packaging Silo C,NZ-WMP-2026-102,WMP 1kg Pouch,Powder Moisture Content (%),<= 3.50%,3.82,Critical (Level 2: > 3.70%),15000,Product tagged ON HOLD; requested disposition from Quality Manager for 10% re-blend.,Under Investigation,H. Patel (QA Officer),SOP-QA-101
DEV-2026-003,2026-06-03,Morning,Can Line 3 Secondary Packaging,NZ-NZ-2026-103,NZ Gold 500g Canister,Metal Detector Challenge Test Verification,"Pass: Fe 1.5mm, Non-Fe 2.0mm, SS 2.5mm",Rejector Mechanism Timing Lag,Critical HACCP CCP Failure,4800,Isolated 3 pallets; technician replaced faulty optical sensor on reject pusher; 100% product passed through offline backup detector.,Under Investigation,K. Williams (Shift QA),SOP-HACCP-405
DEV-2026-004,2026-06-04,Morning,Evaporator / Spray Dryer Line 1,NZ-SMP-2026-104,SMP 25kg Bulk Bag,Solubility Index (ml),<= 0.50 ml,0.72,Major Deviation,2400,Isolated production run; swabbed atomizer disc for scorch particle residue.,Rework / Blending Approved,H. Patel (QA Officer),SOP-QA-101
DEV-2026-005,2026-06-05,Morning,Packaging Line 1,NZ-WMP-2026-105,WMP 1kg Pouch,Heat Sealing Jaw Temperature (C),170C - 180C (Target 175C),161.5,Major QCP Deviation (165-169C),2400,Applied red quarantine hold tags; notified Packaging Shift Supervisor and QA.,Closed - Action Completed,H. Patel (QA Officer),SOP-PKG-204
DEV-2026-006,2026-06-06,Night,Evaporator / Spray Dryer Line 1,NZ-SMP-2026-106,SMP 25kg Bulk Bag,Solubility Index (ml),<= 0.50 ml,0.65,Major Deviation,15000,Quarantined 20 tonnes in warehouse silo 3; paused bagging line pending sediment test.,Closed - Action Completed,S. MacIntyre (Lead QA),SOP-QA-101
DEV-2026-007,2026-06-07,Night,Dryer 2 Packaging Silo C,NZ-WMP-2026-107,WMP 1kg Pouch,Powder Moisture Content (%),<= 3.50%,3.54,Minor (Level 1: 3.51-3.70%),2400,Product tagged ON HOLD; requested disposition from Quality Manager for 10% re-blend.,Under Investigation,H. Patel (QA Officer),SOP-QA-101
DEV-2026-008,2026-06-08,Afternoon,Can Line 3 Secondary Packaging,NZ-NZ-2026-108,NZ Gold 500g Canister,Metal Detector Challenge Test Verification,"Pass: Fe 1.5mm, Non-Fe 2.0mm, SS 2.5mm",Failed Non-Fe 2.0mm Test Piece,Critical HACCP CCP Failure,15000,Quarantine logged in ERP under HOLD-MD-09; zero product released without QA Manager sign-off.,Quarantined - Pending Lab,J. Rangi (Plant Chemist),SOP-HACCP-405
DEV-2026-009,2026-06-09,Night,Evaporator / Spray Dryer Line 1,NZ-SMP-2026-109,SMP 25kg Bulk Bag,Solubility Index (ml),<= 0.50 ml,0.55,Major Deviation,9600,Quarantined 20 tonnes in warehouse silo 3; paused bagging line pending sediment test.,Quarantined - Pending Lab,K. Williams (Shift QA),SOP-QA-101
DEV-2026-010,2026-06-10,Morning,CIP Kitchen Skid 1,NZ-Mil-2026-110,Milk Powder Processing Circuit,CIP Final Rinse Conductivity (uS/cm),< 50 uS/cm,85.0,Critical Sanitation Failure,15000,Re-tested chemical titration; confirmed caustic wash residual cleared after second rinse.,Quarantined - Pending Lab,J. Rangi (Plant Chemist),SOP-SAN-302
DEV-2026-011,2026-06-11,Night,Evaporator / Spray Dryer Line 1,NZ-SMP-2026-111,SMP 25kg Bulk Bag,Solubility Index (ml),<= 0.50 ml,0.72,Major Deviation,9600,Isolated production run; swabbed atomizer disc for scorch particle residue.,Quarantined - Pending Lab,K. Williams (Shift QA),SOP-QA-101
DEV-2026-012,2026-06-12,Morning,CIP Kitchen Skid 1,NZ-Mil-2026-112,Milk Powder Processing Circuit,CIP Final Rinse Conductivity (uS/cm),< 50 uS/cm,145.0,Critical Sanitation Failure,2400,Re-tested chemical titration; confirmed caustic wash residual cleared after second rinse.,Rework / Blending Approved,K. Williams (Shift QA),SOP-SAN-302
DEV-2026-013,2026-06-13,Afternoon,Packaging Line 1,NZ-WMP-2026-113,WMP 1kg Pouch,Heat Sealing Jaw Temperature (C),170C - 180C (Target 175C),161.5,Major QCP Deviation (165-169C),15000,Applied red quarantine hold tags; notified Packaging Shift Supervisor and QA.,Quarantined - Pending Lab,H. Patel (QA Officer),SOP-PKG-204
DEV-2026-014,2026-06-14,Night,Evaporator / Spray Dryer Line 1,NZ-SMP-2026-114,SMP 25kg Bulk Bag,Solubility Index (ml),<= 0.50 ml,0.72,Major Deviation,1200,Isolated production run; swabbed atomizer disc for scorch particle residue.,Quarantined - Pending Lab,H. Patel (QA Officer),SOP-QA-101
DEV-2026-015,2026-06-15,Afternoon,Packaging Line 1,NZ-WMP-2026-115,WMP 1kg Pouch,Heat Sealing Jaw Temperature (C),170C - 180C (Target 175C),159.0,Major QCP Deviation (165-169C),2400,Line stopped immediately; 100% quarantine applied to all packs produced during temperature drop plus 15-minute preceding buffer.,Quarantined - Pending Lab,S. MacIntyre (Lead QA),SOP-PKG-204
DEV-2026-016,2026-06-16,Night,CIP Kitchen Skid 1,NZ-Mil-2026-116,Milk Powder Processing Circuit,CIP Final Rinse Conductivity (uS/cm),< 50 uS/cm,85.0,Critical Sanitation Failure,9600,Aborted line startup interlock; initiated mandatory 15-minute extended freshwater re-rinse cycle.,Rework / Blending Approved,K. Williams (Shift QA),SOP-SAN-302
DEV-2026-017,2026-06-17,Afternoon,Dryer 2 Packaging Silo C,NZ-WMP-2026-117,WMP 1kg Pouch,Powder Moisture Content (%),<= 3.50%,3.58,Critical (Level 2: > 3.70%),15000,Quarantined pallet batch; initiated 3-point composite re-test at internal lab.,Under Investigation,K. Williams (Shift QA),SOP-QA-101
DEV-2026-018,2026-06-18,Afternoon,Evaporator / Spray Dryer Line 1,NZ-SMP-2026-118,SMP 25kg Bulk Bag,Solubility Index (ml),<= 0.50 ml,0.55,Major Deviation,4800,Isolated production run; swabbed atomizer disc for scorch particle residue.,Under Investigation,S. MacIntyre (Lead QA),SOP-QA-101
DEV-2026-019,2026-06-19,Afternoon,CIP Kitchen Skid 1,NZ-Mil-2026-119,Milk Powder Processing Circuit,CIP Final Rinse Conductivity (uS/cm),< 50 uS/cm,145.0,Critical Sanitation Failure,4800,Re-tested chemical titration; confirmed caustic wash residual cleared after second rinse.,Material Rejected for Disposal,H. Patel (QA Officer),SOP-SAN-302
DEV-2026-020,2026-06-20,Afternoon,Dryer 2 Packaging Silo C,NZ-WMP-2026-120,WMP 1kg Pouch,Powder Moisture Content (%),<= 3.50%,3.58,Minor (Level 1: 3.51-3.70%),4800,Held 12 pallets in Bay 4; alerted Shift QA Lead; increased fluid bed temperature.,Quarantined - Pending Lab,H. Patel (QA Officer),SOP-QA-101
DEV-2026-021,2026-06-21,Night,Can Line 3 Secondary Packaging,NZ-NZ-2026-121,NZ Gold 500g Canister,Metal Detector Challenge Test Verification,"Pass: Fe 1.5mm, Non-Fe 2.0mm, SS 2.5mm",Failed Non-Fe 2.0mm Test Piece,Critical HACCP CCP Failure,1200,Isolated 3 pallets; technician replaced faulty optical sensor on reject pusher; 100% product passed through offline backup detector.,Closed - Action Completed,J. Rangi (Plant Chemist),SOP-HACCP-405
DEV-2026-022,2026-06-22,Afternoon,Evaporator / Spray Dryer Line 1,NZ-SMP-2026-122,SMP 25kg Bulk Bag,Solubility Index (ml),<= 0.50 ml,0.72,Major Deviation,1200,Quarantined 20 tonnes in warehouse silo 3; paused bagging line pending sediment test.,Under Investigation,K. Williams (Shift QA),SOP-QA-101
DEV-2026-023,2026-06-23,Morning,Evaporator / Spray Dryer Line 1,NZ-SMP-2026-123,SMP 25kg Bulk Bag,Solubility Index (ml),<= 0.50 ml,0.8,Major Deviation,4800,Quarantined 20 tonnes in warehouse silo 3; paused bagging line pending sediment test.,Under Investigation,J. Rangi (Plant Chemist),SOP-QA-101
DEV-2026-024,2026-06-24,Morning,Evaporator / Spray Dryer Line 1,NZ-SMP-2026-124,SMP 25kg Bulk Bag,Solubility Index (ml),<= 0.50 ml,0.65,Major Deviation,15000,Isolated production run; swabbed atomizer disc for scorch particle residue.,Material Rejected for Disposal,J. Rangi (Plant Chemist),SOP-QA-101
DEV-2026-025,2026-06-25,Morning,CIP Kitchen Skid 1,NZ-Mil-2026-125,Milk Powder Processing Circuit,CIP Final Rinse Conductivity (uS/cm),< 50 uS/cm,120.5,Critical Sanitation Failure,4800,Automated valve interlock triggered; held silo circuit until conductivity dropped to 28 uS/cm.,Quarantined - Pending Lab,J. Rangi (Plant Chemist),SOP-SAN-302
DEV-2026-026,2026-06-26,Morning,CIP Kitchen Skid 1,NZ-Mil-2026-126,Milk Powder Processing Circuit,CIP Final Rinse Conductivity (uS/cm),< 50 uS/cm,78.0,Critical Sanitation Failure,2400,Re-tested chemical titration; confirmed caustic wash residual cleared after second rinse.,Quarantined - Pending Lab,K. Williams (Shift QA),SOP-SAN-302
DEV-2026-027,2026-06-27,Morning,Packaging Line 1,NZ-WMP-2026-127,WMP 1kg Pouch,Heat Sealing Jaw Temperature (C),170C - 180C (Target 175C),163.2,Critical CCP Deviation (< 165C),2400,Quarantined 4 pallets; conducted 20-sample burst pressure test (all passed > 30N).,Quarantined - Pending Lab,H. Patel (QA Officer),SOP-PKG-204
DEV-2026-028,2026-06-28,Morning,CIP Kitchen Skid 1,NZ-Mil-2026-128,Milk Powder Processing Circuit,CIP Final Rinse Conductivity (uS/cm),< 50 uS/cm,145.0,Critical Sanitation Failure,15000,Aborted line startup interlock; initiated mandatory 15-minute extended freshwater re-rinse cycle.,Quarantined - Pending Lab,S. MacIntyre (Lead QA),SOP-SAN-302
DEV-2026-029,2026-06-29,Morning,Packaging Line 1,NZ-WMP-2026-129,WMP 1kg Pouch,Heat Sealing Jaw Temperature (C),170C - 180C (Target 175C),166.0,Major QCP Deviation (165-169C),4800,Applied red quarantine hold tags; notified Packaging Shift Supervisor and QA.,Under Investigation,K. Williams (Shift QA),SOP-PKG-204
DEV-2026-030,2026-06-30,Night,Can Line 3 Secondary Packaging,NZ-NZ-2026-130,NZ Gold 500g Canister,Metal Detector Challenge Test Verification,"Pass: Fe 1.5mm, Non-Fe 2.0mm, SS 2.5mm",Rejector Mechanism Timing Lag,Critical HACCP CCP Failure,2400,"Halted line immediately; quarantined 100% of cans produced since last successful challenge test (120 minutes of production = 2,400 cans).",Under Investigation,S. MacIntyre (Lead QA),SOP-HACCP-405
DEV-2026-031,2026-07-01,Morning,Packaging Line 1,NZ-WMP-2026-131,WMP 1kg Pouch,Heat Sealing Jaw Temperature (C),170C - 180C (Target 175C),186.5,Major QCP Deviation (165-169C),9600,Quarantined 4 pallets; conducted 20-sample burst pressure test (all passed > 30N).,Released with QA Concession,S. MacIntyre (Lead QA),SOP-PKG-204
DEV-2026-032,2026-07-02,Morning,Dryer 2 Packaging Silo C,NZ-WMP-2026-132,WMP 1kg Pouch,Powder Moisture Content (%),<= 3.50%,3.75,Critical (Level 2: > 3.70%),450,Product tagged ON HOLD; requested disposition from Quality Manager for 10% re-blend.,Quarantined - Pending Lab,K. Williams (Shift QA),SOP-QA-101
DEV-2026-033,2026-07-03,Morning,Evaporator / Spray Dryer Line 1,NZ-SMP-2026-133,SMP 25kg Bulk Bag,Solubility Index (ml),<= 0.50 ml,0.55,Major Deviation,4800,Isolated production run; swabbed atomizer disc for scorch particle residue.,Quarantined - Pending Lab,H. Patel (QA Officer),SOP-QA-101
DEV-2026-034,2026-07-04,Afternoon,Can Line 3 Secondary Packaging,NZ-NZ-2026-134,NZ Gold 500g Canister,Metal Detector Challenge Test Verification,"Pass: Fe 1.5mm, Non-Fe 2.0mm, SS 2.5mm",Rejector Mechanism Timing Lag,Critical HACCP CCP Failure,4800,"Halted line immediately; quarantined 100% of cans produced since last successful challenge test (120 minutes of production = 2,400 cans).",Under Investigation,H. Patel (QA Officer),SOP-HACCP-405
DEV-2026-035,2026-07-05,Morning,Dryer 2 Packaging Silo C,NZ-WMP-2026-135,WMP 1kg Pouch,Powder Moisture Content (%),<= 3.50%,3.54,Minor (Level 1: 3.51-3.70%),9600,Held 12 pallets in Bay 4; alerted Shift QA Lead; increased fluid bed temperature.,Closed - Action Completed,J. Rangi (Plant Chemist),SOP-QA-101
DEV-2026-036,2026-07-06,Afternoon,Dryer 2 Packaging Silo C,NZ-WMP-2026-136,WMP 1kg Pouch,Powder Moisture Content (%),<= 3.50%,3.54,Critical (Level 2: > 3.70%),15000,Quarantined pallet batch; initiated 3-point composite re-test at internal lab.,Quarantined - Pending Lab,J. Rangi (Plant Chemist),SOP-QA-101
DEV-2026-037,2026-07-07,Night,Dryer 2 Packaging Silo C,NZ-WMP-2026-137,WMP 1kg Pouch,Powder Moisture Content (%),<= 3.50%,3.65,Critical (Level 2: > 3.70%),1200,Quarantined pallet batch; initiated 3-point composite re-test at internal lab.,Released with QA Concession,H. Patel (QA Officer),SOP-QA-101
DEV-2026-038,2026-07-08,Morning,Evaporator / Spray Dryer Line 1,NZ-SMP-2026-138,SMP 25kg Bulk Bag,Solubility Index (ml),<= 0.50 ml,0.55,Major Deviation,450,Isolated production run; swabbed atomizer disc for scorch particle residue.,Closed - Action Completed,J. Rangi (Plant Chemist),SOP-QA-101
DEV-2026-039,2026-07-09,Morning,Can Line 3 Secondary Packaging,NZ-NZ-2026-139,NZ Gold 500g Canister,Metal Detector Challenge Test Verification,"Pass: Fe 1.5mm, Non-Fe 2.0mm, SS 2.5mm",Rejector Mechanism Timing Lag,Critical HACCP CCP Failure,4800,Quarantine logged in ERP under HOLD-MD-09; zero product released without QA Manager sign-off.,Under Investigation,K. Williams (Shift QA),SOP-HACCP-405
DEV-2026-040,2026-07-10,Morning,Can Line 3 Secondary Packaging,NZ-NZ-2026-140,NZ Gold 500g Canister,Metal Detector Challenge Test Verification,"Pass: Fe 1.5mm, Non-Fe 2.0mm, SS 2.5mm",Failed SS 2.5mm Test Piece,Critical HACCP CCP Failure,9600,"Halted line immediately; quarantined 100% of cans produced since last successful challenge test (120 minutes of production = 2,400 cans).",Quarantined - Pending Lab,S. MacIntyre (Lead QA),SOP-HACCP-405
DEV-2026-041,2026-07-11,Afternoon,Packaging Line 1,NZ-WMP-2026-141,WMP 1kg Pouch,Heat Sealing Jaw Temperature (C),170C - 180C (Target 175C),159.0,Major QCP Deviation (165-169C),2400,Line stopped immediately; 100% quarantine applied to all packs produced during temperature drop plus 15-minute preceding buffer.,Closed - Action Completed,J. Rangi (Plant Chemist),SOP-PKG-204
DEV-2026-042,2026-07-12,Afternoon,Packaging Line 1,NZ-WMP-2026-142,WMP 1kg Pouch,Heat Sealing Jaw Temperature (C),170C - 180C (Target 175C),161.5,Major QCP Deviation (165-169C),2400,Applied red quarantine hold tags; notified Packaging Shift Supervisor and QA.,Under Investigation,K. Williams (Shift QA),SOP-PKG-204
DEV-2026-043,2026-07-13,Afternoon,CIP Kitchen Skid 1,NZ-Mil-2026-143,Milk Powder Processing Circuit,CIP Final Rinse Conductivity (uS/cm),< 50 uS/cm,62.0,Critical Sanitation Failure,2400,Re-tested chemical titration; confirmed caustic wash residual cleared after second rinse.,Under Investigation,K. Williams (Shift QA),SOP-SAN-302
DEV-2026-044,2026-07-14,Afternoon,Packaging Line 1,NZ-WMP-2026-144,WMP 1kg Pouch,Heat Sealing Jaw Temperature (C),170C - 180C (Target 175C),166.0,Major QCP Deviation (165-169C),2400,Quarantined 4 pallets; conducted 20-sample burst pressure test (all passed > 30N).,Released with QA Concession,H. Patel (QA Officer),SOP-PKG-204
DEV-2026-045,2026-07-15,Morning,Dryer 2 Packaging Silo C,NZ-WMP-2026-145,WMP 1kg Pouch,Powder Moisture Content (%),<= 3.50%,3.54,Critical (Level 2: > 3.70%),9600,Held 12 pallets in Bay 4; alerted Shift QA Lead; increased fluid bed temperature.,Rework / Blending Approved,K. Williams (Shift QA),SOP-QA-101
DEV-2026-046,2026-07-16,Morning,Evaporator / Spray Dryer Line 1,NZ-SMP-2026-146,SMP 25kg Bulk Bag,Solubility Index (ml),<= 0.50 ml,0.72,Major Deviation,450,Isolated production run; swabbed atomizer disc for scorch particle residue.,Under Investigation,K. Williams (Shift QA),SOP-QA-101
DEV-2026-047,2026-07-17,Afternoon,CIP Kitchen Skid 1,NZ-Mil-2026-147,Milk Powder Processing Circuit,CIP Final Rinse Conductivity (uS/cm),< 50 uS/cm,62.0,Critical Sanitation Failure,4800,Automated valve interlock triggered; held silo circuit until conductivity dropped to 28 uS/cm.,Quarantined - Pending Lab,K. Williams (Shift QA),SOP-SAN-302
DEV-2026-048,2026-07-18,Night,CIP Kitchen Skid 1,NZ-Mil-2026-148,Milk Powder Processing Circuit,CIP Final Rinse Conductivity (uS/cm),< 50 uS/cm,145.0,Critical Sanitation Failure,4800,Aborted line startup interlock; initiated mandatory 15-minute extended freshwater re-rinse cycle.,Closed - Action Completed,K. Williams (Shift QA),SOP-SAN-302
DEV-2026-049,2026-07-19,Afternoon,Packaging Line 1,NZ-WMP-2026-149,WMP 1kg Pouch,Heat Sealing Jaw Temperature (C),170C - 180C (Target 175C),166.0,Critical CCP Deviation (< 165C),9600,Quarantined 4 pallets; conducted 20-sample burst pressure test (all passed > 30N).,Under Investigation,K. Williams (Shift QA),SOP-PKG-204
DEV-2026-050,2026-07-20,Morning,Dryer 2 Packaging Silo C,NZ-WMP-2026-150,WMP 1kg Pouch,Powder Moisture Content (%),<= 3.50%,3.82,Critical (Level 2: > 3.70%),4800,Quarantined pallet batch; initiated 3-point composite re-test at internal lab.,Quarantined - Pending Lab,S. MacIntyre (Lead QA),SOP-QA-101
DEV-2026-051,2026-07-21,Afternoon,Dryer 2 Packaging Silo C,NZ-WMP-2026-151,WMP 1kg Pouch,Powder Moisture Content (%),<= 3.50%,3.58,Minor (Level 1: 3.51-3.70%),4800,Held 12 pallets in Bay 4; alerted Shift QA Lead; increased fluid bed temperature.,Under Investigation,H. Patel (QA Officer),SOP-QA-101
DEV-2026-052,2026-07-22,Afternoon,Can Line 3 Secondary Packaging,NZ-NZ-2026-152,NZ Gold 500g Canister,Metal Detector Challenge Test Verification,"Pass: Fe 1.5mm, Non-Fe 2.0mm, SS 2.5mm",Rejector Mechanism Timing Lag,Critical HACCP CCP Failure,2400,Quarantine logged in ERP under HOLD-MD-09; zero product released without QA Manager sign-off.,Rework / Blending Approved,S. MacIntyre (Lead QA),SOP-HACCP-405
DEV-2026-053,2026-07-23,Afternoon,Packaging Line 1,NZ-WMP-2026-153,WMP 1kg Pouch,Heat Sealing Jaw Temperature (C),170C - 180C (Target 175C),186.5,Critical CCP Deviation (< 165C),9600,Quarantined 4 pallets; conducted 20-sample burst pressure test (all passed > 30N).,Rework / Blending Approved,H. Patel (QA Officer),SOP-PKG-204
DEV-2026-054,2026-07-24,Afternoon,Can Line 3 Secondary Packaging,NZ-NZ-2026-154,NZ Gold 500g Canister,Metal Detector Challenge Test Verification,"Pass: Fe 1.5mm, Non-Fe 2.0mm, SS 2.5mm",Failed Non-Fe 2.0mm Test Piece,Critical HACCP CCP Failure,4800,Quarantine logged in ERP under HOLD-MD-09; zero product released without QA Manager sign-off.,Closed - Action Completed,K. Williams (Shift QA),SOP-HACCP-405
DEV-2026-055,2026-07-25,Morning,CIP Kitchen Skid 1,NZ-Mil-2026-155,Milk Powder Processing Circuit,CIP Final Rinse Conductivity (uS/cm),< 50 uS/cm,78.0,Critical Sanitation Failure,1200,Aborted line startup interlock; initiated mandatory 15-minute extended freshwater re-rinse cycle.,Released with QA Concession,H. Patel (QA Officer),SOP-SAN-302
DEV-2026-056,2026-07-26,Morning,Packaging Line 1,NZ-WMP-2026-156,WMP 1kg Pouch,Heat Sealing Jaw Temperature (C),170C - 180C (Target 175C),161.5,Major QCP Deviation (165-169C),450,Quarantined 4 pallets; conducted 20-sample burst pressure test (all passed > 30N).,Under Investigation,J. Rangi (Plant Chemist),SOP-PKG-204
DEV-2026-057,2026-07-27,Night,CIP Kitchen Skid 1,NZ-Mil-2026-157,Milk Powder Processing Circuit,CIP Final Rinse Conductivity (uS/cm),< 50 uS/cm,62.0,Critical Sanitation Failure,15000,Re-tested chemical titration; confirmed caustic wash residual cleared after second rinse.,Closed - Action Completed,J. Rangi (Plant Chemist),SOP-SAN-302
DEV-2026-058,2026-07-28,Afternoon,Packaging Line 1,NZ-WMP-2026-158,WMP 1kg Pouch,Heat Sealing Jaw Temperature (C),170C - 180C (Target 175C),166.0,Major QCP Deviation (165-169C),4800,Quarantined 4 pallets; conducted 20-sample burst pressure test (all passed > 30N).,Under Investigation,K. Williams (Shift QA),SOP-PKG-204
DEV-2026-059,2026-07-29,Morning,CIP Kitchen Skid 1,NZ-Mil-2026-159,Milk Powder Processing Circuit,CIP Final Rinse Conductivity (uS/cm),< 50 uS/cm,78.0,Critical Sanitation Failure,1200,Re-tested chemical titration; confirmed caustic wash residual cleared after second rinse.,Closed - Action Completed,H. Patel (QA Officer),SOP-SAN-302
DEV-2026-060,2026-07-30,Morning,Can Line 3 Secondary Packaging,NZ-NZ-2026-160,NZ Gold 500g Canister,Metal Detector Challenge Test Verification,"Pass: Fe 1.5mm, Non-Fe 2.0mm, SS 2.5mm",Failed SS 2.5mm Test Piece,Critical HACCP CCP Failure,450,Isolated 3 pallets; technician replaced faulty optical sensor on reject pusher; 100% product passed through offline backup detector.,Quarantined - Pending Lab,J. Rangi (Plant Chemist),SOP-HACCP-405
